"sku","name","nb_produits_commandes","nb_produits_factures","nb_produits_rembourses","nb_produits_annules","nb_produits_envoyes","num_commande","date"
"1464406","SMOOZ-Sofa bleu 60x50x20cm l Prix exclusivité Web","1.0000","1.0000","0.0000","0.0000","1.0000","000029981","2018-06-01 11:56:13"
"1398301","Chaise en bois Pacific Acacia l Prix exclusivité Web","20.0000","20.0000","0.0000","0.0000","20.0000","000029985","2018-06-01 13:59:38"
"1296478","Chaise pliante Mats Teck l Prix exclusivité Web","8.0000","8.0000","0.0000","0.0000","8.0000","000029986","2018-06-01 14:33:12"
"1398265","Fauteuil  Bari l Prix exclusivité Web","2.0000","2.0000","0.0000","0.0000","2.0000","000029991","2018-06-01 17:27:35"
"1398265","Fauteuil  Bari l Prix exclusivité Web","8.0000","8.0000","0.0000","0.0000","8.0000","000030010","2018-06-02 04:59:28"
"1432364","Tonnelle en métal Alec l Prix exclusivité Web","1.0000","0.0000","0.0000","1.0000","0.0000","000030028","2018-06-02 06:42:49"
"1432364","Tonnelle en métal Alec l Prix exclusivité Web","1.0000","0.0000","0.0000","1.0000","0.0000","000030029","2018-06-02 06:55:08"
"1432364","Tonnelle en métal Alec l Prix exclusivité Web","1.0000","1.0000","0.0000","0.0000","1.0000","000030031","2018-06-02 06:58:08"
"1509757","SMOOZ-Plaid dublin kilt l Prix exclusivité Web","2.0000","2.0000","0.0000","0.0000","2.0000","000030051","2018-06-02 09:33:05"
"1464406","SMOOZ-Sofa bleu 60x50x20cm l Prix exclusivité Web","1.0000","1.0000","0.0000","0.0000","1.0000","000030051","2018-06-02 09:33:05"
"1432365","Armature siège pliant PAPILLON sans toile l Prix exclusivité Web","2.0000","2.0000","0.0000","0.0000","2.0000","000030061","2018-06-02 10:05:10"
"1432366","Toile coton pour siège papillon l Prix exclusivité Web","2.0000","2.0000","0.0000","0.0000","2.0000","000030061","2018-06-02 10:05:10"
"1296478","Chaise pliante Mats Teck l Prix exclusivité Web","6.0000","6.0000","0.0000","0.0000","6.0000","000030062","2018-06-02 10:14:20"
"1398216","Chaise pivoine l Prix exclusivité Web","4.0000","4.0000","0.0000","0.0000","4.0000","000030070","2018-06-02 10:45:29"
"1296473","Chaise métal avec coussin l Prix exclusivité Web","4.0000","0.0000","0.0000","0.0000","0.0000","000030092","2018-06-02 12:10:46"
"1436369","Maison de toilette ""chatons"" l Prix exclusivité Web","2.0000","2.0000","0.0000","0.0000","2.0000","000030121","2018-06-02 14:33:23"
"1398238","Chaise Montebello l Prix exclusivité Web","2.0000","2.0000","0.0000","0.0000","2.0000","000030133","2018-06-02 15:45:03"
"1432364","Tonnelle en métal Alec l Prix exclusivité Web","1.0000","1.0000","0.0000","0.0000","1.0000","000030145","2018-06-02 17:22:33"
"1296473","Chaise métal avec coussin l Prix exclusivité Web","4.0000","4.0000","0.0000","0.0000","4.0000","000030162","2018-06-02 20:29:42"
"1398216","Chaise pivoine l Prix exclusivité Web","6.0000","6.0000","0.0000","0.0000","6.0000","000030163","2018-06-02 20:32:48"
"1436369","Maison de toilette ""chatons"" l Prix exclusivité Web","1.0000","0.0000","0.0000","1.0000","0.0000","000030171","2018-06-02 21:18:17"
"1436369","Maison de toilette ""chatons"" l Prix exclusivité Web","1.0000","1.0000","0.0000","0.0000","1.0000","000030176","2018-06-02 22:24:23"
"1432366","Toile coton pour siège papillon l Prix exclusivité Web","2.0000","2.0000","0.0000","0.0000","2.0000","000030224","2018-06-03 10:37:28"
"1398251","Fauteuil en résine tressée Lilas l Prix exclusivité Web","6.0000","6.0000","0.0000","0.0000","6.0000","000030225","2018-06-03 10:43:59"
"1398266","Chaise Bari l Prix exclusivité Web","4.0000","4.0000","0.0000","0.0000","4.0000","000030280","2018-06-03 14:33:15"
"1398301","Chaise en bois Pacific Acacia l Prix exclusivité Web","3.0000","3.0000","0.0000","0.0000","3.0000","000030286","2018-06-03 14:54:05"
"1398266","Chaise Bari l Prix exclusivité Web","10.0000","10.0000","10.0000","0.0000","10.0000","000030329","2018-06-03 17:26:29"
"1398266","Chaise Bari l Prix exclusivité Web","6.0000","0.0000","0.0000","6.0000","0.0000","000030347","2018-06-03 18:38:33"
"1296473","Chaise métal avec coussin l Prix exclusivité Web","6.0000","0.0000","0.0000","6.0000","0.0000","000030413","2018-06-03 21:30:35"
"1432364","Tonnelle en métal Alec l Prix exclusivité Web","1.0000","1.0000","0.0000","0.0000","1.0000","000030425","2018-06-04 07:24:16"
"1296473","Chaise métal avec coussin l Prix exclusivité Web","6.0000","4.0000","0.0000","0.0000","4.0000","000030437","2018-06-04 09:57:06"
"1464406","SMOOZ-Sofa bleu 60x50x20cm l Prix exclusivité Web","1.0000","1.0000","0.0000","0.0000","1.0000","000030448","2018-06-04 15:30:41"
"1509424","Hippopotame bleu l Prix exclusivité Web","1.0000","0.0000","0.0000","0.0000","0.0000","000030448","2018-06-04 15:30:41"
"1398216","Chaise pivoine l Prix exclusivité Web","2.0000","2.0000","0.0000","0.0000","2.0000","000030450","2018-06-04 15:46:02"
"1464406","SMOOZ-Sofa bleu 60x50x20cm l Prix exclusivité Web","1.0000","1.0000","0.0000","0.0000","1.0000","000030451","2018-06-04 15:48:09"
"1509757","SMOOZ-Plaid dublin kilt l Prix exclusivité Web","1.0000","0.0000","0.0000","0.0000","0.0000","000030451","2018-06-04 15:48:09"
"1296478","Chaise pliante Mats Teck l Prix exclusivité Web","1.0000","1.0000","0.0000","0.0000","1.0000","000030451","2018-06-04 15:48:09"
"1296473","Chaise métal avec coussin l Prix exclusivité Web","2.0000","2.0000","0.0000","0.0000","2.0000","000030464","2018-06-04 19:24:56"
"1436369","Maison de toilette ""chatons"" l Prix exclusivité Web","1.0000","1.0000","0.0000","0.0000","1.0000","000030469","2018-06-04 20:06:58"
"1464406","SMOOZ-Sofa bleu 60x50x20cm l Prix exclusivité Web","2.0000","2.0000","0.0000","0.0000","2.0000","000030472","2018-06-04 21:36:39"
"1432366","Toile coton pour siège papillon l Prix exclusivité Web","1.0000","1.0000","0.0000","0.0000","1.0000","000030477","2018-06-05 08:36:46"
"1509757","SMOOZ-Plaid dublin kilt l Prix exclusivité Web","1.0000","0.0000","0.0000","0.0000","0.0000","000030490","2018-06-05 12:09:30"
"1464406","SMOOZ-Sofa bleu 60x50x20cm l Prix exclusivité Web","1.0000","1.0000","0.0000","0.0000","1.0000","000030490","2018-06-05 12:09:30"
"1296473","Chaise métal avec coussin l Prix exclusivité Web","4.0000","4.0000","0.0000","0.0000","4.0000","000030506","2018-06-05 19:11:05"
"1436369","Maison de toilette ""chatons"" l Prix exclusivité Web","1.0000","1.0000","0.0000","0.0000","1.0000","000030507","2018-06-05 20:02:59"
"1436369","Maison de toilette ""chatons"" l Prix exclusivité Web","1.0000","1.0000","0.0000","0.0000","1.0000","000030513","2018-06-06 03:49:36"
"1436369","Maison de toilette ""chatons"" l Prix exclusivité Web","1.0000","1.0000","0.0000","0.0000","1.0000","000030533","2018-06-06 11:40:44"
"1398265","Fauteuil  Bari l Prix exclusivité Web","2.0000","2.0000","0.0000","0.0000","2.0000","000030545","2018-06-06 14:41:40"
"1436369","Maison de toilette ""chatons"" l Prix exclusivité Web","1.0000","1.0000","0.0000","0.0000","1.0000","000030548","2018-06-06 15:06:53"
"1464406","SMOOZ-Sofa bleu 60x50x20cm l Prix exclusivité Web","2.0000","2.0000","0.0000","0.0000","2.0000","000030581","2018-06-07 10:40:56"
"1509757","SMOOZ-Plaid dublin kilt l Prix exclusivité Web","2.0000","0.0000","0.0000","0.0000","0.0000","000030581","2018-06-07 10:40:56"
"1398301","Chaise en bois Pacific Acacia l Prix exclusivité Web","4.0000","0.0000","0.0000","4.0000","0.0000","000030609","2018-06-07 17:57:45"
"1432364","Tonnelle en métal Alec l Prix exclusivité Web","1.0000","1.0000","0.0000","0.0000","1.0000","000030629","2018-06-08 09:22:44"
"1436369","Maison de toilette ""chatons"" l Prix exclusivité Web","1.0000","1.0000","0.0000","0.0000","1.0000","000030646","2018-06-08 17:16:54"
"1470071","Chaise en bois Elba l Prix exclusivité Web","8.0000","8.0000","0.0000","0.0000","8.0000","000030661","2018-06-08 20:05:58"
"1296473","Chaise métal avec coussin l Prix exclusivité Web","4.0000","4.0000","0.0000","0.0000","4.0000","000030679","2018-06-09 08:52:19"
"1509757","SMOOZ-Plaid dublin kilt l Prix exclusivité Web","2.0000","2.0000","0.0000","0.0000","2.0000","000030682","2018-06-09 10:10:29"
"1464406","SMOOZ-Sofa bleu 60x50x20cm l Prix exclusivité Web","2.0000","2.0000","0.0000","0.0000","2.0000","000030682","2018-06-09 10:10:29"
"1470071","Chaise en bois Elba l Prix exclusivité Web","3.0000","3.0000","0.0000","0.0000","3.0000","000030716","2018-06-10 06:44:30"
"1464406","SMOOZ-Sofa bleu 60x50x20cm l Prix exclusivité Web","1.0000","1.0000","0.0000","0.0000","1.0000","000030726","2018-06-10 10:28:08"
"1398216","Chaise pivoine l Prix exclusivité Web","4.0000","4.0000","0.0000","0.0000","4.0000","000030754","2018-06-10 18:44:40"
"1470176","Fauteuil Scandi l Prix exclusivité Web","2.0000","2.0000","0.0000","0.0000","2.0000","000030760","2018-06-10 21:43:57"
"1471145","Fauteuil Havane l Prix exclusivité Web","6.0000","6.0000","0.0000","0.0000","6.0000","000030765","2018-06-11 08:08:38"
"1436369","Maison de toilette ""chatons"" l Prix exclusivité Web","1.0000","1.0000","0.0000","0.0000","1.0000","000030777","2018-06-11 14:27:43"
"1470071","Chaise en bois Elba l Prix exclusivité Web","4.0000","4.0000","0.0000","0.0000","4.0000","000030796","2018-06-11 18:51:11"
"1436369","Maison de toilette ""chatons"" l Prix exclusivité Web","1.0000","1.0000","0.0000","0.0000","1.0000","000030798","2018-06-11 19:38:33"
"1464406","SMOOZ-Sofa bleu 60x50x20cm l Prix exclusivité Web","1.0000","1.0000","0.0000","0.0000","1.0000","000030803","2018-06-11 20:08:20"
"1296478","Chaise pliante Mats Teck l Prix exclusivité Web","1.0000","1.0000","0.0000","0.0000","1.0000","000030846","2018-06-12 21:22:06"
"1436369","Maison de toilette ""chatons"" l Prix exclusivité Web","1.0000","1.0000","0.0000","0.0000","1.0000","000030881","2018-06-13 20:58:42"
"1436369","Maison de toilette ""chatons"" l Prix exclusivité Web","1.0000","1.0000","0.0000","0.0000","1.0000","000030922","2018-06-14 15:08:29"
"1476099","SMOOZ-Arbre chat cat playing well bambou l Prix exclusivité Web","1.0000","1.0000","0.0000","0.0000","1.0000","000030925","2018-06-14 15:33:43"
"1296473","Chaise métal avec coussin l Prix exclusivité Web","4.0000","4.0000","0.0000","0.0000","4.0000","000030932","2018-06-14 16:16:07"
"1464406","SMOOZ-Sofa bleu 60x50x20cm l Prix exclusivité Web","1.0000","1.0000","0.0000","0.0000","1.0000","000030993","2018-06-16 09:19:51"
"1464406","SMOOZ-Sofa bleu 60x50x20cm l Prix exclusivité Web","1.0000","0.0000","0.0000","1.0000","0.0000","000031025","2018-06-16 21:15:21"
"1464406","SMOOZ-Sofa bleu 60x50x20cm l Prix exclusivité Web","2.0000","0.0000","0.0000","2.0000","0.0000","000031060","2018-06-17 19:20:15"
"1436369","Maison de toilette ""chatons"" l Prix exclusivité Web","1.0000","1.0000","0.0000","0.0000","1.0000","000031070","2018-06-18 07:14:55"
"1398216","Chaise pivoine l Prix exclusivité Web","8.0000","8.0000","0.0000","0.0000","8.0000","000031076","2018-06-18 09:01:45"
"1296473","Chaise métal avec coussin l Prix exclusivité Web","6.0000","0.0000","0.0000","6.0000","0.0000","000031077","2018-06-18 09:35:26"
"1296473","Chaise métal avec coussin l Prix exclusivité Web","6.0000","6.0000","0.0000","0.0000","6.0000","000031078","2018-06-18 09:38:52"
"1432366","Toile coton pour siège papillon l Prix exclusivité Web","2.0000","2.0000","0.0000","0.0000","2.0000","000031082","2018-06-18 10:27:34"
"1296473","Chaise métal avec coussin l Prix exclusivité Web","2.0000","2.0000","0.0000","0.0000","2.0000","000031116","2018-06-19 05:51:53"
"1509741","SMOOZ-Master wellington 100x70cm l Prix exclusivité Web","1.0000","0.0000","0.0000","1.0000","0.0000","000031175","2018-06-20 07:54:54"
"1432366","Toile coton pour siège papillon l Prix exclusivité Web","1.0000","1.0000","0.0000","0.0000","1.0000","000031209","2018-06-20 23:34:40"
"1509741","SMOOZ-Master wellington 100x70cm l Prix exclusivité Web","1.0000","1.0000","0.0000","0.0000","1.0000","000031240","2018-06-21 18:02:51"
"1464430","SMOOZ-Boite a croquette chat rouge 2,7l l Prix exclusivité Web","2.0000","2.0000","0.0000","0.0000","2.0000","000031246","2018-06-21 23:11:05"
"1476109","SMOOZ-Coussin ouatine pop 55cm l Prix exclusivité Web","1.0000","1.0000","0.0000","0.0000","1.0000","000031246","2018-06-21 23:11:05"
"1509427","Renard bleu l Prix exclusivité Web","1.0000","1.0000","0.0000","0.0000","1.0000","000031246","2018-06-21 23:11:05"
"1476098","SMOOZ-Arbre chat 3 niveaux bambou l Prix exclusivité Web","1.0000","1.0000","0.0000","0.0000","1.0000","000031247","2018-06-22 01:12:54"
"1432364","Tonnelle en métal Alec l Prix exclusivité Web","1.0000","1.0000","0.0000","0.0000","1.0000","000031259","2018-06-22 12:23:01"
"1398293","Armature metteur en scène FOTO sans toile l Prix exclu. Web","4.0000","4.0000","0.0000","0.0000","4.0000","000031272","2018-06-22 21:05:32"
"1436369","Maison de toilette ""chatons"" l Prix exclusivité Web","1.0000","1.0000","0.0000","0.0000","1.0000","000031292","2018-06-23 13:16:40"
"1398238","Chaise Montebello l Prix exclusivité Web","4.0000","4.0000","0.0000","0.0000","4.0000","000031310","2018-06-24 10:34:46"
"1436369","Maison de toilette ""chatons"" l Prix exclusivité Web","1.0000","1.0000","0.0000","0.0000","1.0000","000031326","2018-06-24 15:53:04"
"1398238","Chaise Montebello l Prix exclusivité Web","2.0000","2.0000","0.0000","0.0000","2.0000","000031339","2018-06-25 07:28:06"
"1398293","Armature metteur en scène FOTO sans toile l Prix exclu. Web","6.0000","6.0000","0.0000","0.0000","6.0000","000031367","2018-06-25 15:41:52"
"1398238","Chaise Montebello l Prix exclusivité Web","6.0000","6.0000","0.0000","0.0000","6.0000","000031383","2018-06-25 21:29:45"
"1436369","Maison de toilette ""chatons"" l Prix exclusivité Web","1.0000","1.0000","0.0000","0.0000","1.0000","000031403","2018-06-26 17:51:31"
"1398304","Dalle de parasol 15 kg noir l Prix exclusivité Web","8.0000","0.0000","0.0000","8.0000","0.0000","000031433","2018-06-27 09:39:56"
"1398304","Dalle de parasol 15 kg noir l Prix exclusivité Web","8.0000","8.0000","0.0000","0.0000","8.0000","000031447","2018-06-27 12:47:02"
"1432366","Toile coton pour siège papillon l Prix exclusivité Web","2.0000","2.0000","0.0000","0.0000","2.0000","000031511","2018-06-28 12:53:47"
"1432365","Armature siège pliant PAPILLON sans toile l Prix exclusivité Web","2.0000","2.0000","0.0000","0.0000","2.0000","000031511","2018-06-28 12:53:47"
"1476109","SMOOZ-Coussin ouatine pop 55cm l Prix exclusivité Web","1.0000","1.0000","0.0000","0.0000","1.0000","000031517","2018-06-28 20:19:44"
"1470176","Fauteuil Scandi l Prix exclusivité Web","2.0000","2.0000","0.0000","0.0000","2.0000","000031520","2018-06-29 05:46:27"
"1432364","Tonnelle en métal Alec l Prix exclusivité Web","1.0000","1.0000","0.0000","0.0000","1.0000","000031681","2018-07-01 10:08:36"
"1398238","Chaise Montebello l Prix exclusivité Web","6.0000","6.0000","0.0000","0.0000","6.0000","000031698","2018-07-01 14:05:12"
"1436369","Maison de toilette ""chatons"" l Prix exclusivité Web","1.0000","1.0000","0.0000","0.0000","1.0000","000031700","2018-07-01 14:32:55"
"1398238","Chaise Montebello l Prix exclusivité Web","6.0000","6.0000","0.0000","0.0000","6.0000","000031705","2018-07-01 15:32:22"
"1432365","Armature siège pliant PAPILLON sans toile l Prix exclusivité Web","1.0000","1.0000","0.0000","0.0000","0.0000","000031722","2018-07-01 17:26:38"
"1436369","Maison de toilette ""chatons"" l Prix exclusivité Web","1.0000","1.0000","0.0000","0.0000","1.0000","000031724","2018-07-01 18:06:19"
"1436369","Maison de toilette ""chatons"" l Prix exclusivité Web","1.0000","1.0000","0.0000","0.0000","1.0000","000031966","2018-07-05 12:04:12"
"1436369","Maison de toilette ""chatons"" l Prix exclusivité Web","2.0000","2.0000","0.0000","0.0000","2.0000","000031979","2018-07-05 15:52:27"
"1432364","Tonnelle en métal Alec l Prix exclusivité Web","1.0000","1.0000","0.0000","0.0000","1.0000","000031983","2018-07-05 17:17:23"
"1436369","Maison de toilette ""chatons"" l Prix exclusivité Web","1.0000","1.0000","0.0000","0.0000","1.0000","000032027","2018-07-06 14:47:58"
"1476111","SMOOZ-Coussin ouatine pop 80cm l Prix exclusivité Web","2.0000","2.0000","0.0000","0.0000","2.0000","000032038","2018-07-06 20:15:46"
"1432364","Tonnelle en métal Alec l Prix exclusivité Web","1.0000","1.0000","0.0000","0.0000","1.0000","000032073","2018-07-07 12:27:00"
"1470176","Fauteuil Scandi l Prix exclusivité Web","6.0000","6.0000","0.0000","0.0000","6.0000","000032103","2018-07-08 08:15:20"
"1436369","Maison de toilette ""chatons"" l Prix exclusivité Web","1.0000","1.0000","0.0000","0.0000","1.0000","000032139","2018-07-08 18:16:01"
"1436369","Maison de toilette ""chatons"" l Prix exclusivité Web","1.0000","1.0000","0.0000","0.0000","1.0000","000032179","2018-07-09 12:17:44"
"1464430","SMOOZ-Boite a croquette chat rouge 2,7l l Prix exclusivité Web","2.0000","2.0000","0.0000","0.0000","2.0000","000032198","2018-07-09 15:41:12"
"1436369","Maison de toilette ""chatons"" l Prix exclusivité Web","1.0000","1.0000","0.0000","0.0000","1.0000","000032231","2018-07-10 06:40:53"
"1432364","Tonnelle en métal Alec l Prix exclusivité Web","1.0000","1.0000","1.0000","0.0000","1.0000","000032288","2018-07-10 20:34:10"
"1432364","Tonnelle en métal Alec l Prix exclusivité Web","1.0000","0.0000","0.0000","0.0000","0.0000","000032328","2018-07-11 15:45:16"
"1432364","Tonnelle en métal Alec l Prix exclusivité Web","1.0000","1.0000","0.0000","0.0000","1.0000","000032329","2018-07-11 16:47:49"
"1470176","Fauteuil Scandi l Prix exclusivité Web","4.0000","4.0000","0.0000","0.0000","4.0000","000032336","2018-07-11 18:19:03"
"1398238","Chaise Montebello l Prix exclusivité Web","6.0000","6.0000","0.0000","0.0000","6.0000","000032367","2018-07-12 13:37:23"
"1432364","Tonnelle en métal Alec l Prix exclusivité Web","1.0000","1.0000","0.0000","0.0000","1.0000","000032418","2018-07-13 15:12:36"
"1436369","Maison de toilette ""chatons"" l Prix exclusivité Web","1.0000","1.0000","0.0000","0.0000","1.0000","000032469","2018-07-15 12:30:32"
"1436369","Maison de toilette ""chatons"" l Prix exclusivité Web","1.0000","1.0000","0.0000","0.0000","1.0000","000032491","2018-07-16 10:54:31"
"1436369","Maison de toilette ""chatons"" l Prix exclusivité Web","1.0000","1.0000","0.0000","0.0000","1.0000","000032517","2018-07-16 18:43:10"
"1432364","Tonnelle en métal Alec l Prix exclusivité Web","1.0000","0.0000","0.0000","1.0000","0.0000","000032537","2018-07-17 06:59:44"
"1432364","Tonnelle en métal Alec l Prix exclusivité Web","1.0000","1.0000","0.0000","0.0000","1.0000","000032538","2018-07-17 07:03:25"
"1464430","SMOOZ-Boite a croquette chat rouge 2,7l l Prix exclusivité Web","1.0000","1.0000","0.0000","0.0000","1.0000","000032558","2018-07-17 12:13:08"
"1436369","Maison de toilette ""chatons"" l Prix exclusivité Web","1.0000","1.0000","0.0000","0.0000","1.0000","000032689","2018-07-20 20:39:57"
"1432364","Tonnelle en métal Alec l Prix exclusivité Web","1.0000","1.0000","0.0000","0.0000","1.0000","000032705","2018-07-21 10:41:02"
"1398238","Chaise Montebello l Prix exclusivité Web","4.0000","4.0000","0.0000","0.0000","4.0000","000032722","2018-07-21 16:30:01"
"1436369","Maison de toilette ""chatons"" l Prix exclusivité Web","1.0000","1.0000","0.0000","0.0000","1.0000","000032733","2018-07-22 07:24:05"
"1470176","Fauteuil Scandi l Prix exclusivité Web","6.0000","0.0000","0.0000","6.0000","0.0000","000032778","2018-07-23 08:46:36"
"1470176","Fauteuil Scandi l Prix exclusivité Web","6.0000","6.0000","0.0000","0.0000","6.0000","000032779","2018-07-23 08:52:49"
"1476098","SMOOZ-Arbre chat 3 niveaux bambou l Prix exclusivité Web","1.0000","1.0000","0.0000","0.0000","1.0000","000032780","2018-07-23 09:03:42"
"1470176","Fauteuil Scandi l Prix exclusivité Web","2.0000","2.0000","0.0000","0.0000","2.0000","000032823","2018-07-23 20:30:47"
"1436369","Maison de toilette ""chatons"" l Prix exclusivité Web","1.0000","1.0000","0.0000","0.0000","1.0000","000032835","2018-07-24 07:50:02"
"1436369","Maison de toilette ""chatons"" l Prix exclusivité Web","1.0000","1.0000","0.0000","0.0000","1.0000","000032899","2018-07-25 11:33:06"
"1432364","Tonnelle en métal Alec l Prix exclusivité Web","1.0000","1.0000","0.0000","0.0000","1.0000","000032917","2018-07-25 18:31:15"
"1464430","SMOOZ-Boite a croquette chat rouge 2,7l l Prix exclusivité Web","1.0000","1.0000","0.0000","0.0000","1.0000","000032918","2018-07-25 19:05:26"
"1432365","Armature siège pliant PAPILLON sans toile l Prix exclusivité Web","2.0000","2.0000","0.0000","0.0000","2.0000","000032921","2018-07-25 20:53:06"
"1432366","Toile coton pour siège papillon l Prix exclusivité Web","2.0000","2.0000","0.0000","0.0000","2.0000","000032921","2018-07-25 20:53:06"
"1470176","Fauteuil Scandi l Prix exclusivité Web","1.0000","1.0000","0.0000","0.0000","1.0000","000032924","2018-07-26 08:09:12"
"1464430","SMOOZ-Boite a croquette chat rouge 2,7l l Prix exclusivité Web","1.0000","1.0000","0.0000","0.0000","1.0000","000032979","2018-07-27 12:33:17"
"1398238","Chaise Montebello l Prix exclusivité Web","8.0000","0.0000","0.0000","8.0000","0.0000","000032998","2018-07-28 08:53:38"
"1398238","Chaise Montebello l Prix exclusivité Web","8.0000","0.0000","0.0000","0.0000","0.0000","000032999","2018-07-28 08:56:45"
"1398238","Chaise Montebello l Prix exclusivité Web","8.0000","8.0000","0.0000","0.0000","8.0000","000033000","2018-07-28 09:46:45"
"1398216","Chaise pivoine  l Prix exclusivité Web","4.0000","4.0000","0.0000","0.0000","4.0000","000033024","2018-07-28 15:48:52"
"1436369","Maison de toilette ""chatons"" l Prix exclusivité Web","1.0000","1.0000","0.0000","0.0000","0.0000","000033049","2018-07-29 15:24:56"
"1432365","Armature siège pliant PAPILLON sans toile l Prix exclusivité Web","1.0000","1.0000","0.0000","0.0000","1.0000","000033050","2018-07-29 16:29:19"
"1432366","Toile coton pour siège papillon l Prix exclusivité Web","1.0000","1.0000","0.0000","0.0000","1.0000","000033050","2018-07-29 16:29:19"
"1432364","Tonnelle en métal Alec l Prix exclusivité Web","1.0000","1.0000","0.0000","0.0000","1.0000","000033059","2018-07-29 20:51:44"
"1432364","Tonnelle en métal Alec l Prix exclusivité Web","1.0000","1.0000","0.0000","0.0000","1.0000","000033102","2018-07-30 20:08:33"
"1509713","SMOOZ-Peluche tigre l Prix exclusivité Web l 2+1 gratuit","1.0000","1.0000","0.0000","0.0000","1.0000","000033128","2018-07-31 11:55:20"
"1509715","SMOOZ-Peluche chouette aux longues pattes l Prix exclusivité Web l 2+1 gratuit","1.0000","1.0000","0.0000","0.0000","1.0000","000033128","2018-07-31 11:55:20"
"1509716","SMOOZ-Peluche cerf l Prix exclusivité Web l 2+1 gratuit","1.0000","1.0000","0.0000","0.0000","1.0000","000033128","2018-07-31 11:55:20"
"1436369","Maison de toilette ""chatons"" l Prix exclusivité Web","1.0000","1.0000","0.0000","0.0000","1.0000","000033129","2018-07-31 12:19:11"
"1464430","SMOOZ-Boite a croquette chat rouge 2,7l l Prix exclusivité Web","1.0000","1.0000","0.0000","0.0000","1.0000","000033138","2018-07-31 14:30:40"
"1436369","Maison de toilette ""chatons"" l Prix exclusivité Web","1.0000","1.0000","0.0000","0.0000","1.0000","000033138","2018-07-31 14:30:40"
"1436369","Maison de toilette ""chatons"" l Prix exclusivité Web","2.0000","2.0000","0.0000","0.0000","2.0000","000033146","2018-07-31 18:25:39"
"1470176","Fauteuil Scandi l Prix exclusivité Web","1.0000","1.0000","0.0000","0.0000","1.0000","000033175","2018-08-01 10:50:54"
"1432365","Armature siège pliant PAPILLON sans toile l Prix exclusivité Web","1.0000","1.0000","0.0000","0.0000","1.0000","000033175","2018-08-01 10:50:54"
"1432366","Toile coton pour siège papillon l Prix exclusivité Web","1.0000","1.0000","0.0000","0.0000","1.0000","000033175","2018-08-01 10:50:54"
"1436369","Maison de toilette ""chatons"" l Prix exclusivité Web","1.0000","1.0000","0.0000","0.0000","1.0000","000033229","2018-08-02 12:36:24"
"1398293","Armature metteur en scène FOTO sans toile l Prix exclu. Web","2.0000","2.0000","0.0000","0.0000","2.0000","000033253","2018-08-03 05:44:25"
"1476098","SMOOZ-Arbre chat 3 niveaux bambou l Prix exclusivité Web","1.0000","1.0000","0.0000","0.0000","1.0000","000033271","2018-08-03 10:47:35"
"1432366","Toile coton pour siège papillon l Prix exclusivité Web","1.0000","1.0000","0.0000","0.0000","1.0000","000033310","2018-08-04 16:05:08"
"1432364","Tonnelle en métal Alec l Prix exclusivité Web","1.0000","1.0000","0.0000","0.0000","1.0000","000033315","2018-08-04 17:31:42"
"1436369","Maison de toilette ""chatons"" l Prix exclusivité Web","2.0000","2.0000","0.0000","0.0000","2.0000","000033321","2018-08-04 20:27:12"
"1436369","Maison de toilette ""chatons"" l Prix exclusivité Web","1.0000","1.0000","1.0000","0.0000","1.0000","000033337","2018-08-05 11:11:10"
"1436369","Maison de toilette ""chatons"" l Prix exclusivité Web","1.0000","1.0000","0.0000","0.0000","1.0000","000033348","2018-08-05 14:46:41"
"1476111","SMOOZ-Coussin ouatine pop 80cm l Prix exclusivité Web","1.0000","1.0000","0.0000","0.0000","1.0000","000033376","2018-08-06 12:32:15"
"1432366","Toile coton pour siège papillon l Prix exclusivité Web","2.0000","2.0000","2.0000","0.0000","2.0000","000033408","2018-08-06 20:15:58"
"1436369","Maison de toilette ""chatons"" l Prix exclusivité Web","1.0000","0.0000","0.0000","1.0000","0.0000","000033425","2018-08-07 09:38:37"
"1436369","Maison de toilette ""chatons"" l Prix exclusivité Web","1.0000","0.0000","0.0000","0.0000","0.0000","000033426","2018-08-07 09:42:51"
"1436369","Maison de toilette ""chatons"" l Prix exclusivité Web","1.0000","0.0000","0.0000","1.0000","0.0000","000033427","2018-08-07 09:56:08"
"1436369","Maison de toilette ""chatons"" l Prix exclusivité Web","1.0000","0.0000","0.0000","1.0000","0.0000","000033428","2018-08-07 10:03:30"
"1436369","Maison de toilette ""chatons"" l Prix exclusivité Web","1.0000","1.0000","0.0000","0.0000","1.0000","000033486","2018-08-08 16:43:29"
"1432365","Armature siège pliant PAPILLON sans toile l Prix exclusivité Web","1.0000","1.0000","0.0000","0.0000","1.0000","000033513","2018-08-09 10:49:57"
"1509741","SMOOZ-Master wellington 100x70cm l Prix exclusivité Web","1.0000","0.0000","0.0000","1.0000","0.0000","000033566","2018-08-10 14:04:21"
"1432365","Armature siège pliant PAPILLON sans toile l Prix exclusivité Web","2.0000","2.0000","0.0000","0.0000","2.0000","000033578","2018-08-11 05:59:00"
"1432366","Toile coton pour siège papillon l Prix exclusivité Web","2.0000","2.0000","0.0000","0.0000","2.0000","000033578","2018-08-11 05:59:00"
"1432364","Tonnelle en métal Alec l Prix exclusivité Web","1.0000","1.0000","0.0000","0.0000","1.0000","000033586","2018-08-11 12:00:47"
"1476098","SMOOZ-Arbre chat 3 niveaux bambou l Prix exclusivité Web","1.0000","1.0000","0.0000","0.0000","1.0000","000033638","2018-08-13 09:25:44"
"1509717","SMOOZ-Peluche éléphanteau bras en corde l Prix exclusivité Web l 2+1 gratuit","1.0000","1.0000","0.0000","0.0000","1.0000","000033641","2018-08-13 10:13:40"
"1509715","SMOOZ-Peluche chouette aux longues pattes l Prix exclusivité Web l 2+1 gratuit","1.0000","1.0000","0.0000","0.0000","1.0000","000033641","2018-08-13 10:13:40"
"1509714","SMOOZ-Peluche renard cou de girafe l Prix exclusivité Web l 2+1 gratuit","1.0000","1.0000","0.0000","0.0000","1.0000","000033641","2018-08-13 10:13:40"
"1436369","Maison de toilette ""chatons"" l Prix exclusivité Web","1.0000","1.0000","0.0000","0.0000","1.0000","000033642","2018-08-13 10:33:50"
"1509760","SMOOZ-Corbeille haute D 40cm l Prix exclusivité Web","1.0000","0.0000","0.0000","1.0000","0.0000","000033654","2018-08-13 12:58:18"
"1509760","SMOOZ-Corbeille haute D 40cm l Prix exclusivité Web","1.0000","0.0000","0.0000","0.0000","0.0000","000033670","2018-08-13 16:13:31"
"1436369","Maison de toilette ""chatons"" l Prix exclusivité Web","1.0000","1.0000","0.0000","0.0000","0.0000","000033670","2018-08-13 16:13:31"
"1436369","Maison de toilette ""chatons"" l Prix exclusivité Web","1.0000","1.0000","0.0000","0.0000","1.0000","000033674","2018-08-13 17:55:10"
"1509760","SMOOZ-Corbeille haute D 40cm l Prix exclusivité Web","1.0000","0.0000","0.0000","0.0000","0.0000","000033685","2018-08-13 22:36:48"
"1436369","Maison de toilette ""chatons"" l Prix exclusivité Web","1.0000","1.0000","0.0000","0.0000","1.0000","000033685","2018-08-13 22:36:48"
"1432366","Toile coton pour siège papillon l Prix exclusivité Web","1.0000","1.0000","0.0000","0.0000","1.0000","000033696","2018-08-14 08:18:42"
"1432365","Armature siège pliant PAPILLON sans toile l Prix exclusivité Web","1.0000","1.0000","0.0000","0.0000","1.0000","000033696","2018-08-14 08:18:42"
"1432364","Tonnelle en métal Alec l Prix exclusivité Web","1.0000","1.0000","0.0000","0.0000","1.0000","000033732","2018-08-14 20:24:47"
"1436369","Maison de toilette ""chatons"" l Prix exclusivité Web","1.0000","1.0000","0.0000","0.0000","1.0000","000033741","2018-08-15 07:18:31"
"1436369","Maison de toilette ""chatons"" l Prix exclusivité Web","1.0000","1.0000","1.0000","0.0000","0.0000","000033771","2018-08-15 17:38:08"
"1476098","SMOOZ-Arbre chat 3 niveaux bambou l Prix exclusivité Web","1.0000","1.0000","0.0000","0.0000","1.0000","000033797","2018-08-16 08:52:22"
"1509760","SMOOZ-Corbeille haute D 40cm l Prix exclusivité Web","1.0000","0.0000","0.0000","0.0000","0.0000","000033797","2018-08-16 08:52:22"
"1509716","SMOOZ-Peluche cerf l Prix exclusivité Web l 2+1 gratuit","1.0000","1.0000","0.0000","0.0000","1.0000","000033834","2018-08-16 19:11:09"
"1509426","Renard rose l Prix exclusivité Web l 2+1 gratuit","1.0000","1.0000","0.0000","0.0000","1.0000","000033834","2018-08-16 19:11:09"
"1509425","Hippopotame rose l Prix exclusivité Web l 2+1 gratuit","1.0000","1.0000","0.0000","0.0000","1.0000","000033834","2018-08-16 19:11:09"
"1509715","SMOOZ-Peluche chouette aux longues pattes l Prix exclusivité Web l 2+1 gratuit","1.0000","1.0000","0.0000","0.0000","1.0000","000033834","2018-08-16 19:11:09"
"1509424","Hippopotame bleu l Prix exclusivité Web l 2+1 gratuit","1.0000","1.0000","0.0000","0.0000","1.0000","000033834","2018-08-16 19:11:09"
"1509717","SMOOZ-Peluche éléphanteau bras en corde l Prix exclusivité Web l 2+1 gratuit","1.0000","1.0000","0.0000","0.0000","1.0000","000033834","2018-08-16 19:11:09"
"1436369","Maison de toilette ""chatons"" l Prix exclusivité Web","1.0000","1.0000","1.0000","0.0000","1.0000","000033872","2018-08-17 14:44:12"
"1509760","SMOOZ-Corbeille haute D 40cm l Prix exclusivité Web","1.0000","1.0000","1.0000","0.0000","1.0000","000033915","2018-08-18 15:04:28"
"1509717","SMOOZ-Peluche éléphanteau bras en corde l Prix exclusivité Web l 2+1 gratuit","1.0000","1.0000","0.0000","0.0000","1.0000","000033944","2018-08-19 10:46:22"
"1471145","Fauteuil Havane l Prix exclusivité Web","2.0000","2.0000","0.0000","0.0000","2.0000","000033945","2018-08-19 10:53:31"
"1509717","SMOOZ-Peluche éléphanteau bras en corde l Prix exclusivité Web l 2+1 gratuit","2.0000","2.0000","0.0000","0.0000","2.0000","000033948","2018-08-19 11:24:36"
"1432365","Armature siège pliant PAPILLON sans toile l Prix exclusivité Web","5.0000","5.0000","0.0000","0.0000","5.0000","000033965","2018-08-19 17:55:25"
"1432366","Toile coton pour siège papillon l Prix exclusivité Web","5.0000","5.0000","0.0000","0.0000","5.0000","000033965","2018-08-19 17:55:25"
"1509757","SMOOZ-Plaid Dublin bleu l Prix exclusivité Web","1.0000","1.0000","0.0000","0.0000","1.0000","000033987","2018-08-20 09:56:44"
"1476098","SMOOZ-Arbre chat 3 niveaux bambou l Prix exclusivité Web","1.0000","1.0000","0.0000","0.0000","1.0000","000034010","2018-08-20 14:39:44"
"1436369","Maison de toilette ""chatons"" l Prix exclusivité Web","1.0000","0.0000","0.0000","0.0000","0.0000","000034010","2018-08-20 14:39:44"
"1509760","SMOOZ-Corbeille haute D 40cm l Prix exclusivité Web","1.0000","1.0000","0.0000","0.0000","1.0000","000034021","2018-08-20 18:32:47"
"1436369","Maison de toilette ""chatons"" l Prix exclusivité Web","1.0000","0.0000","0.0000","1.0000","0.0000","000034052","2018-08-21 11:32:13"
"1436369","Maison de toilette ""chatons"" l Prix exclusivité Web","1.0000","0.0000","0.0000","1.0000","0.0000","000034072","2018-08-21 17:02:11"
"1476098","SMOOZ-Arbre chat 3 niveaux bambou l Prix exclusivité Web","1.0000","1.0000","0.0000","0.0000","1.0000","000034083","2018-08-21 21:53:23"
"1436369","Maison de toilette ""chatons"" l Prix exclusivité Web","2.0000","0.0000","0.0000","2.0000","0.0000","000034090","2018-08-22 05:55:26"
"1436369","Maison de toilette ""chatons"" l Prix exclusivité Web","1.0000","0.0000","0.0000","1.0000","0.0000","000034100","2018-08-22 08:47:05"
"1476098","SMOOZ-Arbre chat 3 niveaux bambou l Prix exclusivité Web","1.0000","0.0000","0.0000","1.0000","0.0000","000034100","2018-08-22 08:47:05"
"1476111","SMOOZ-Coussin ouatine pop 80cm l Prix exclusivité Web","1.0000","0.0000","0.0000","1.0000","0.0000","000034100","2018-08-22 08:47:05"
"1476098","SMOOZ-Arbre chat 3 niveaux bambou l Prix exclusivité Web","1.0000","1.0000","0.0000","0.0000","1.0000","000034111","2018-08-22 11:19:21"
"1464430","SMOOZ-Boite a croquette chat rouge 2,7l l Prix exclusivité Web","2.0000","2.0000","0.0000","0.0000","2.0000","000034125","2018-08-22 14:16:55"
"1436369","Maison de toilette ""chatons"" l Prix exclusivité Web","4.0000","0.0000","0.0000","0.0000","0.0000","000034125","2018-08-22 14:16:55"
"1476098","SMOOZ-Arbre chat 3 niveaux bambou l Prix exclusivité Web","2.0000","2.0000","0.0000","0.0000","2.0000","000034125","2018-08-22 14:16:55"
"1464430","SMOOZ-Boite a croquette chat rouge 2,7l l Prix exclusivité Web","2.0000","2.0000","0.0000","0.0000","2.0000","000034128","2018-08-22 16:21:37"
"1436369","Maison de toilette ""chatons"" l Prix exclusivité Web","2.0000","0.0000","0.0000","0.0000","0.0000","000034128","2018-08-22 16:21:37"
"1476098","SMOOZ-Arbre chat 3 niveaux bambou l Prix exclusivité Web","3.0000","2.0000","0.0000","0.0000","2.0000","000034128","2018-08-22 16:21:37"
"1509741","SMOOZ-Master wellington 100x70cm","2.0000","2.0000","0.0000","0.0000","2.0000","000034129","2018-08-22 16:35:27"
"1509741","SMOOZ-Master wellington 100x70cm","1.0000","1.0000","0.0000","0.0000","1.0000","000034136","2018-08-22 18:48:03"
"1509760","SMOOZ-Corbeille haute D 40cm","1.0000","1.0000","0.0000","0.0000","1.0000","000034159","2018-08-23 14:52:52"
"1476098","SMOOZ-Arbre chat 3 niveaux bambou l Prix exclusivité Web","1.0000","0.0000","0.0000","0.0000","0.0000","000034175","2018-08-24 05:42:31"
"1509760","SMOOZ-Corbeille haute D 40cm","2.0000","2.0000","0.0000","0.0000","2.0000","000034175","2018-08-24 05:42:31"
"1476111","SMOOZ-Coussin ouatine pop 80cm l Prix exclusivité Web","1.0000","1.0000","0.0000","0.0000","1.0000","000034192","2018-08-24 12:43:00"
"1509714","SMOOZ-Peluche renard cou de girafe l Prix exclusivité Web","1.0000","1.0000","0.0000","0.0000","1.0000","000034192","2018-08-24 12:43:00"
"1509717","SMOOZ-Peluche elephanteau bras en corde l Prix exclusivité Web","1.0000","1.0000","0.0000","0.0000","1.0000","000034192","2018-08-24 12:43:00"
"1509713","SMOOZ-Peluche tigre l Prix exclusivité Web","1.0000","1.0000","0.0000","0.0000","1.0000","000034192","2018-08-24 12:43:00"
"1509716","SMOOZ-Peluche cerf l Prix exclusivité Web","1.0000","1.0000","0.0000","0.0000","1.0000","000034192","2018-08-24 12:43:00"
"1509718","SMOOZ-Peluche singe ventre a balle l Prix exclusivité Web","1.0000","1.0000","0.0000","0.0000","1.0000","000034192","2018-08-24 12:43:00"
"1432364","Tonnelle en métal Alec l Prix exclusivité Web","1.0000","0.0000","0.0000","1.0000","0.0000","000034193","2018-08-24 13:14:11"
"1432364","Tonnelle en métal Alec l Prix exclusivité Web","1.0000","1.0000","0.0000","0.0000","1.0000","000034194","2018-08-24 13:22:37"
"1464430","SMOOZ-Boite a croquette chat rouge 2,7l l Prix exclusivité Web","3.0000","3.0000","0.0000","0.0000","3.0000","000034219","2018-08-24 21:42:45"
"1432366","Toile coton pour siège papillon l Prix exclusivité Web","1.0000","1.0000","0.0000","0.0000","0.0000","000034425","2018-08-29 17:23:41"
"1509760","SMOOZ-Corbeille haute D 40cm","1.0000","1.0000","0.0000","0.0000","0.0000","000034441","2018-08-30 08:03:32"
"1509757","SMOOZ-Plaid Dublin bleu l Prix exclusivité Web","2.0000","2.0000","0.0000","0.0000","2.0000","000034543","2018-09-02 06:42:44"
"1476111","SMOOZ-Coussin ouatine pop 80cm l Prix exclusivité Web","2.0000","2.0000","0.0000","0.0000","2.0000","000034547","2018-09-02 08:04:23"
"1464430","SMOOZ-Boite a croquette chat rouge 2,7l l Prix exclusivité Web","1.0000","1.0000","0.0000","0.0000","1.0000","000034658","2018-09-04 18:46:34"
"1296473","Chaise métal avec coussin","15.0000","15.0000","0.0000","0.0000","15.0000","000034675","2018-09-05 09:26:08"
"1432366","Toile coton pour siège papillon l Prix exclusivité Web","1.0000","1.0000","0.0000","0.0000","1.0000","000034690","2018-09-05 14:21:35"
"1509713","SMOOZ-Peluche tigre l Prix exclusivité Web","1.0000","1.0000","0.0000","0.0000","1.0000","000034693","2018-09-05 15:55:40"
"1509717","SMOOZ-Peluche elephanteau bras en corde l Prix exclusivité Web","1.0000","1.0000","0.0000","0.0000","1.0000","000034705","2018-09-05 20:45:14"
"1509718","SMOOZ-Peluche singe ventre a balle l Prix exclusivité Web","1.0000","1.0000","0.0000","0.0000","1.0000","000034705","2018-09-05 20:45:14"
"1509716","SMOOZ-Peluche cerf l Prix exclusivité Web","1.0000","1.0000","0.0000","0.0000","1.0000","000034705","2018-09-05 20:45:14"
"1476098","SMOOZ-Arbre chat 3 niveaux bambou l Prix exclusivité Web","1.0000","1.0000","0.0000","0.0000","1.0000","000034769","2018-09-07 10:54:23"
"1432364","Tonnelle en métal Alec l Prix exclusivité Web","1.0000","1.0000","0.0000","0.0000","1.0000","000034825","2018-09-08 13:53:40"
"1509427","Renard bleu l Prix exclusivité Web","1.0000","1.0000","0.0000","0.0000","1.0000","000034846","2018-09-09 09:11:44"
"1509426","Renard rose l Prix exclusivité Web","1.0000","1.0000","0.0000","0.0000","1.0000","000034846","2018-09-09 09:11:44"
"1509425","Hippopotame rose l Prix exclusivité Web","1.0000","1.0000","0.0000","0.0000","1.0000","000034846","2018-09-09 09:11:44"
"1432365","Armature siège pliant PAPILLON sans toile l Prix exclusivité Web","2.0000","2.0000","0.0000","0.0000","0.0000","000034874","2018-09-09 19:56:44"
"1432366","Toile coton pour siège papillon l Prix exclusivité Web","2.0000","2.0000","0.0000","0.0000","0.0000","000034874","2018-09-09 19:56:44"
"1509741","SMOOZ-Master wellington 100x70cm","1.0000","1.0000","0.0000","0.0000","1.0000","000034983","2018-09-13 13:46:14"
"1398304","Dalle de parasol 15 kg noir l Prix exclusivité Web","1.0000","1.0000","0.0000","0.0000","1.0000","000035057","2018-09-16 08:36:05"
"1476111","SMOOZ-Coussin ouatine pop 80cm l Prix exclusivité Web","1.0000","1.0000","0.0000","0.0000","1.0000","000035084","2018-09-17 05:26:43"
"1509741","SMOOZ-Master wellington 100x70cm","1.0000","0.0000","0.0000","0.0000","0.0000","000035084","2018-09-17 05:26:43"
"1464430","SMOOZ-Boite a croquette chat rouge 2,7l l Prix exclusivité Web","2.0000","2.0000","0.0000","0.0000","2.0000","000035156","2018-09-18 15:23:19"
"1509741","SMOOZ-Master wellington 100x70cm","1.0000","1.0000","0.0000","0.0000","1.0000","000035247","2018-09-21 08:56:56"
"1509717","SMOOZ-Peluche elephanteau bras en corde l Prix exclusivité Web","1.0000","1.0000","0.0000","0.0000","1.0000","000035247","2018-09-21 08:56:56"
"1398216","Chaise pivoine","4.0000","4.0000","0.0000","0.0000","4.0000","000035252","2018-09-21 12:44:08"
"1432365","Armature siège pliant PAPILLON sans toile l Prix exclusivité Web","2.0000","2.0000","0.0000","0.0000","2.0000","000035291","2018-09-23 08:11:36"
"1432366","Toile coton pour siege papillon l Prix exclusivité Web","2.0000","2.0000","0.0000","0.0000","2.0000","000035291","2018-09-23 08:11:36"
"1470176","Fauteuil Scandi l Prix exclusivité Web","2.0000","2.0000","0.0000","0.0000","2.0000","000035367","2018-09-24 16:51:41"
"1432366","Toile coton pour siege papillon l Prix exclusivité Web","2.0000","2.0000","0.0000","0.0000","2.0000","000035390","2018-09-25 16:03:57"
"1464430","SMOOZ-Boite a croquette chat rouge 2,7l l Prix exclusivité Web","1.0000","1.0000","0.0000","0.0000","1.0000","000035422","2018-09-26 12:38:54"
"1509757","SMOOZ-Plaid Dublin bleu l Prix exclusivité Web","2.0000","2.0000","0.0000","0.0000","2.0000","000035602","2018-09-29 21:10:14"
"1464430","SMOOZ-Boite a croquette chat rouge 2,7l l Prix exclusivité Web","2.0000","2.0000","0.0000","0.0000","2.0000","000035653","2018-09-30 18:35:29"
"1464430","SMOOZ-Boite a croquette chat rouge 2,7l l Prix exclusivité Web","1.0000","1.0000","0.0000","0.0000","1.0000","000035704","2018-10-01 13:23:16"
"1509424","Hippopotame bleu l Prix exclusivité Web l 2+1 gratuit","1.0000","1.0000","0.0000","0.0000","1.0000","000036079","2018-10-08 04:25:06"
"1509716","SMOOZ-Peluche cerf l Prix exclusivité Web l 2+1 gratuit","1.0000","1.0000","0.0000","0.0000","1.0000","000036079","2018-10-08 04:25:06"
"1432364","Tonnelle en métal Alec l Prix exclusivité Web","1.0000","1.0000","0.0000","0.0000","0.0000","000036097","2018-10-08 13:36:29"
"1509757","SMOOZ-Plaid Dublin bleu l Prix exclusivité Web","1.0000","1.0000","0.0000","0.0000","1.0000","000036171","2018-10-10 12:52:54"
"1509717","SMOOZ-Peluche elephanteau bras en corde l Prix exclusivité Web","1.0000","1.0000","0.0000","0.0000","1.0000","000036182","2018-10-10 15:43:34"
"1509715","SMOOZ-Peluche chouette aux longues pattes l Prix exclusivité Web","1.0000","1.0000","0.0000","0.0000","1.0000","000036182","2018-10-10 15:43:34"
"1509716","SMOOZ-Peluche cerf l Prix exclusivité Web","1.0000","1.0000","0.0000","0.0000","1.0000","000036182","2018-10-10 15:43:34"
"1476109","SMOOZ-Coussin ouatine pop 55cm l Prix exclusivité Web","2.0000","2.0000","0.0000","0.0000","2.0000","000036258","2018-10-12 20:21:32"
"1464430","SMOOZ-Boite a croquette chat rouge 2,7l l Prix exclusivité Web","1.0000","1.0000","0.0000","0.0000","1.0000","000036297","2018-10-13 10:31:36"
"1470176","Fauteuil Scandi l Prix exclusivité Web","2.0000","2.0000","0.0000","0.0000","2.0000","000036319","2018-10-13 12:49:09"
"1464430","SMOOZ-Boite a croquette chat rouge 2,7l l Prix exclusivité Web","2.0000","2.0000","0.0000","0.0000","2.0000","000036431","2018-10-14 15:17:25"
"1476117","SMOOZ-Tapis plat pop assortis 100x75cm l Prix exclusivité Web","1.0000","1.0000","1.0000","0.0000","1.0000","000036591","2018-10-17 09:12:48"
"1470176","Fauteuil Scandi l Prix exclusivité Web","2.0000","2.0000","0.0000","0.0000","2.0000","000036606","2018-10-17 14:42:03"
"1432364","Tonnelle en métal Alec l Prix exclusivité Web","1.0000","0.0000","0.0000","1.0000","0.0000","000036741","2018-10-22 10:26:58"
"1509757","SMOOZ-Plaid Dublin bleu l Prix exclusivité Web","1.0000","1.0000","0.0000","0.0000","1.0000","000036743","2018-10-22 11:10:38"
"1476109","SMOOZ-Coussin ouatine pop 55cm l Prix exclusivité Web","1.0000","1.0000","0.0000","0.0000","1.0000","000036759","2018-10-22 15:53:57"
"1476111","SMOOZ-Coussin ouatine pop 80cm l Prix exclusivité Web","1.0000","1.0000","0.0000","0.0000","1.0000","000036759","2018-10-22 15:53:57"
"1509740","SMOOZ-Master wellington 80x60cm l Prix exclusivité Web","2.0000","2.0000","0.0000","0.0000","2.0000","000036771","2018-10-23 06:53:35"
"1476111","SMOOZ-Coussin ouatine pop 80cm l Prix exclusivité Web","1.0000","0.0000","0.0000","1.0000","0.0000","000036789","2018-10-23 15:43:45"
"1432365","Armature siège pliant PAPILLON sans toile l Prix exclusivité Web","2.0000","0.0000","0.0000","2.0000","0.0000","000036791","2018-10-23 16:07:06"
"1432366","Toile coton pour siege papillon l Prix exclusivité Web","2.0000","0.0000","0.0000","2.0000","0.0000","000036791","2018-10-23 16:07:06"
"1476105","SMOOZ-Corbeille haute tendance D40cm l Prix exclusivité Web","1.0000","0.0000","0.0000","1.0000","0.0000","000036845","2018-10-24 20:21:12"
"1476105","SMOOZ-Corbeille haute tendance D40cm l Prix exclusivité Web","2.0000","2.0000","0.0000","0.0000","2.0000","000036846","2018-10-24 20:28:23"
"1476109","SMOOZ-Coussin ouatine pop 55cm l Prix exclusivité Web","2.0000","2.0000","0.0000","0.0000","2.0000","000036851","2018-10-25 09:22:38"
"1509713","SMOOZ-Peluche tigre l Prix exclusivité Web","1.0000","1.0000","0.0000","0.0000","1.0000","000036898","2018-10-26 07:58:34"
"1464430","SMOOZ-Boite a croquette chat rouge 2,7l l Prix exclusivité Web","3.0000","3.0000","0.0000","0.0000","3.0000","000036929","2018-10-27 07:16:26"
"1432366","Toile coton pour siège papillon - couleur taupe l Prix exclusivité Web","2.0000","2.0000","0.0000","0.0000","2.0000","000037170","2018-10-31 08:59:11"
"1432365","Armature siège pliant PAPILLON sans toile l Prix exclusivité Web","2.0000","2.0000","0.0000","0.0000","2.0000","000037170","2018-10-31 08:59:11"
"1509714","SMOOZ-Peluche renard cou de girafe l Prix exclusivité Web","1.0000","1.0000","0.0000","0.0000","1.0000","000037267","2018-11-01 19:15:32"
"1464430","SMOOZ-Boite a croquette chat rouge 2,7l l Prix exclusivité Web","1.0000","1.0000","0.0000","0.0000","1.0000","000037271","2018-11-01 20:57:22"
"1476111","SMOOZ-Coussin ouatine pop 80cm l Prix exclusivité Web","2.0000","2.0000","0.0000","0.0000","2.0000","000037317","2018-11-02 15:31:01"
"1509425","Hippopotame rose l Prix exclusivité Web","3.0000","3.0000","0.0000","0.0000","3.0000","000037325","2018-11-02 17:19:41"
"1509740","SMOOZ-Master wellington 80x60cm l Prix exclusivité Web","1.0000","1.0000","0.0000","0.0000","1.0000","000037611","2018-11-09 08:38:29"
"1509716","SMOOZ-Peluche cerf l Prix exclusivité Web","1.0000","1.0000","0.0000","0.0000","1.0000","000037703","2018-11-12 16:45:00"
"1476111","SMOOZ-Coussin ouatine pop 80cm l Prix exclusivité Web","1.0000","1.0000","0.0000","0.0000","1.0000","000037757","2018-11-14 07:19:17"
"1509757","SMOOZ-Plaid Dublin bleu l Prix exclusivité Web","1.0000","0.0000","0.0000","1.0000","0.0000","000037806","2018-11-15 10:57:04"
"1509713","SMOOZ-Peluche tigre l Prix exclusivité Web","3.0000","3.0000","0.0000","0.0000","3.0000","000037868","2018-11-16 14:17:11"
"1509714","SMOOZ-Peluche renard cou de girafe l Prix exclusivité Web","2.0000","0.0000","0.0000","0.0000","0.0000","000037960","2018-11-18 17:27:37"
"1509718","SMOOZ-Peluche singe ventre a balle l Prix exclusivité Web","1.0000","0.0000","0.0000","0.0000","0.0000","000037960","2018-11-18 17:27:37"
